{
  "layer": 11,
  "variant": "perhead",
  "rank": 2,
  "eval_loss": 2.56522957523827,
  "baseline_recomputed": 2.117678308093536,
  "v0_coarse_delta": 0.45355939865112305,
  "residual_delta": 0.4475512671447337,
  "recovery_ratio": 0.013246625523046007,
  "param_count": 34816,
  "param_count_M": 0.0348,
  "recovery_per_M": 0.38047522756910634,
  "rescale": false,
  "train_steps": 500,
  "lr": 3e-05,
  "still_falling": false,
  "train_curve": [
    [
      0,
      2.7540297508239746
    ],
    [
      50,
      2.4509379863739014
    ],
    [
      100,
      2.6381938457489014
    ],
    [
      150,
      2.4479057788848877
    ],
    [
      200,
      2.311340093612671
    ],
    [
      250,
      2.4754719734191895
    ],
    [
      300,
      2.163139820098877
    ],
    [
      350,
      2.846808433532715
    ],
    [
      400,
      2.5380327701568604
    ],
    [
      450,
      2.0023181438446045
    ],
    [
      499,
      2.617138147354126
    ]
  ],
  "seconds": 65.6
}