{
  "layer": 11,
  "variant": "perhead",
  "rank": 8,
  "eval_loss": 6.621048875855328,
  "baseline_recomputed": 2.117678308093536,
  "v0_coarse_delta": 0.45355939865112305,
  "residual_delta": 4.503370567761792,
  "recovery_ratio": -8.928954357807884,
  "param_count": 139264,
  "param_count_M": 0.1393,
  "recovery_per_M": -64.11530875034383,
  "rescale": false,
  "train_steps": 500,
  "still_falling": false,
  "train_curve": [
    [
      0,
      2.6216728687286377
    ],
    [
      50,
      2.7389397621154785
    ],
    [
      100,
      3.2133398056030273
    ],
    [
      150,
      2.7171831130981445
    ],
    [
      200,
      3.1252059936523438
    ],
    [
      250,
      6.023527145385742
    ],
    [
      300,
      8.1967191696167
    ],
    [
      350,
      5.526120185852051
    ],
    [
      400,
      5.1473822593688965
    ],
    [
      450,
      6.242827415466309
    ],
    [
      499,
      6.8467841148376465
    ]
  ],
  "seconds": 65.5
}