{
  "layer": 11,
  "variant": "shared",
  "rank": 16,
  "eval_loss": 2.5497810094391498,
  "baseline_recomputed": 2.117678308093536,
  "v0_coarse_delta": 0.45355939865112305,
  "residual_delta": 0.43210270134561357,
  "recovery_ratio": 0.04730735901256,
  "param_count": 32768,
  "param_count_M": 0.0328,
  "recovery_per_M": 1.4437060245532227,
  "rescale": false,
  "train_steps": 500,
  "lr": 3e-05,
  "still_falling": false,
  "train_curve": [
    [
      0,
      2.662607192993164
    ],
    [
      50,
      2.4299240112304688
    ],
    [
      100,
      2.689154863357544
    ],
    [
      150,
      2.4670722484588623
    ],
    [
      200,
      2.609989881515503
    ],
    [
      250,
      2.706054449081421
    ],
    [
      300,
      2.4093844890594482
    ],
    [
      350,
      2.7994892597198486
    ],
    [
      400,
      2.6720118522644043
    ],
    [
      450,
      2.4380886554718018
    ],
    [
      499,
      2.664440631866455
    ]
  ],
  "seconds": 65.2
}