{
  "layer": 11,
  "variant": "shared",
  "rank": 4,
  "eval_loss": 4.177635790872434,
  "baseline_recomputed": 2.117678308093536,
  "v0_coarse_delta": 0.45355939865112305,
  "residual_delta": 2.0599574827788976,
  "recovery_ratio": -3.541759004234444,
  "param_count": 8192,
  "param_count_M": 0.0082,
  "recovery_per_M": -432.3436284465874,
  "rescale": false,
  "train_steps": 500,
  "still_falling": false,
  "train_curve": [
    [
      0,
      2.8090145587921143
    ],
    [
      50,
      2.406867742538452
    ],
    [
      100,
      2.652707576751709
    ],
    [
      150,
      3.2269866466522217
    ],
    [
      200,
      2.877110242843628
    ],
    [
      250,
      6.790457725524902
    ],
    [
      300,
      8.309326171875
    ],
    [
      350,
      6.0695624351501465
    ],
    [
      400,
      3.9477648735046387
    ],
    [
      450,
      6.540246963500977
    ],
    [
      499,
      4.432462215423584
    ]
  ],
  "seconds": 65.1
}