{
  "layer": 11,
  "variant": "shared",
  "rank": 2,
  "eval_loss": 3.1190457113346164,
  "baseline_recomputed": 2.117678308093536,
  "v0_coarse_delta": 0.45355939865112305,
  "residual_delta": 1.0013674032410802,
  "recovery_ratio": -1.2077977134177522,
  "param_count": 4096,
  "param_count_M": 0.0041,
  "recovery_per_M": -294.8724886273809,
  "rescale": false,
  "train_steps": 500,
  "still_falling": false,
  "train_curve": [
    [
      0,
      2.224325656890869
    ],
    [
      50,
      2.4972474575042725
    ],
    [
      100,
      2.9801433086395264
    ],
    [
      150,
      3.280878782272339
    ],
    [
      200,
      2.939157724380493
    ],
    [
      250,
      3.2072691917419434
    ],
    [
      300,
      2.7274932861328125
    ],
    [
      350,
      2.724027395248413
    ],
    [
      400,
      2.975646495819092
    ],
    [
      450,
      2.7411513328552246
    ],
    [
      499,
      3.320469617843628
    ]
  ],
  "seconds": 65.1
}