{
  "layer": 11,
  "variant": "perhead",
  "rank": 16,
  "eval_loss": 2.564589019924548,
  "baseline_recomputed": 2.117678308093536,
  "v0_coarse_delta": 0.45355939865112305,
  "residual_delta": 0.44691071183101183,
  "recovery_ratio": 0.014658910916374501,
  "param_count": 278528,
  "param_count_M": 0.2785,
  "recovery_per_M": 0.05262993636680873,
  "rescale": false,
  "train_steps": 500,
  "still_falling": true,
  "train_curve": [
    [
      0,
      2.7238101959228516
    ],
    [
      50,
      2.3454887866973877
    ],
    [
      100,
      2.667759895324707
    ],
    [
      150,
      2.5873358249664307
    ],
    [
      200,
      2.642070770263672
    ],
    [
      250,
      2.0222525596618652
    ],
    [
      300,
      2.745645523071289
    ],
    [
      350,
      2.6054046154022217
    ],
    [
      400,
      2.100870132446289
    ],
    [
      450,
      3.0890681743621826
    ],
    [
      499,
      2.4124300479888916
    ]
  ],
  "seconds": 65.5
}