{
  "layer": 11,
  "variant": "perhead",
  "rank": 16,
  "eval_loss": 2.555427723874328,
  "baseline_recomputed": 2.117678308093536,
  "v0_coarse_delta": 0.45355939865112305,
  "residual_delta": 0.43774941578079174,
  "recovery_ratio": 0.03485757966288405,
  "param_count": 278528,
  "param_count_M": 0.2785,
  "recovery_per_M": 0.12514928360123237,
  "rescale": false,
  "train_steps": 500,
  "lr": 3e-05,
  "still_falling": false,
  "train_curve": [
    [
      0,
      2.174396276473999
    ],
    [
      50,
      2.414336681365967
    ],
    [
      100,
      2.765153408050537
    ],
    [
      150,
      1.9720736742019653
    ],
    [
      200,
      2.7970619201660156
    ],
    [
      250,
      2.839005947113037
    ],
    [
      300,
      2.4907586574554443
    ],
    [
      350,
      2.373492479324341
    ],
    [
      400,
      2.3993821144104004
    ],
    [
      450,
      2.326460123062134
    ],
    [
      499,
      2.208587408065796
    ]
  ],
  "seconds": 65.7
}