{
  "layer": 11,
  "variant": "shared",
  "rank": 32,
  "eval_loss": 3.022497821587854,
  "baseline_recomputed": 2.117678308093536,
  "v0_coarse_delta": 0.45355939865112305,
  "residual_delta": 0.904819513494318,
  "recovery_ratio": -0.9949305784098705,
  "param_count": 65536,
  "param_count_M": 0.0655,
  "recovery_per_M": -15.181435827787332,
  "rescale": false,
  "train_steps": 500,
  "still_falling": false,
  "train_curve": [
    [
      0,
      2.0717058181762695
    ],
    [
      50,
      2.8369929790496826
    ],
    [
      100,
      2.799862861633301
    ],
    [
      150,
      2.856520652770996
    ],
    [
      200,
      3.0881872177124023
    ],
    [
      250,
      2.668853759765625
    ],
    [
      300,
      3.157043695449829
    ],
    [
      350,
      3.342078924179077
    ],
    [
      400,
      4.137314319610596
    ],
    [
      450,
      2.8197884559631348
    ],
    [
      499,
      3.1321356296539307
    ]
  ],
  "seconds": 65.2
}