{
  "layer": 11,
  "variant": "shared",
  "rank": 2,
  "eval_loss": 2.562415023788795,
  "baseline_recomputed": 2.117678308093536,
  "v0_coarse_delta": 0.45355939865112305,
  "residual_delta": 0.44473671569525886,
  "recovery_ratio": 0.019452100391046168,
  "param_count": 4096,
  "param_count_M": 0.0041,
  "recovery_per_M": 4.749047947032756,
  "rescale": false,
  "train_steps": 500,
  "lr": 3e-05,
  "still_falling": false,
  "train_curve": [
    [
      0,
      2.5418405532836914
    ],
    [
      50,
      2.401695489883423
    ],
    [
      100,
      2.731121301651001
    ],
    [
      150,
      2.9152092933654785
    ],
    [
      200,
      1.8136669397354126
    ],
    [
      250,
      2.49419903755188
    ],
    [
      300,
      2.50905442237854
    ],
    [
      350,
      2.404010772705078
    ],
    [
      400,
      2.8671460151672363
    ],
    [
      450,
      2.4194602966308594
    ],
    [
      499,
      2.722364664077759
    ]
  ],
  "seconds": 65.2
}