{
  "layer": 11,
  "variant": "perhead",
  "rank": 32,
  "eval_loss": 5.456902248289345,
  "baseline_recomputed": 2.117678308093536,
  "v0_coarse_delta": 0.45355939865112305,
  "residual_delta": 3.339223940195809,
  "recovery_ratio": -6.36226379637727,
  "param_count": 557056,
  "param_count_M": 0.5571,
  "recovery_per_M": -11.421228379870731,
  "rescale": false,
  "train_steps": 500,
  "still_falling": false,
  "train_curve": [
    [
      0,
      2.4266719818115234
    ],
    [
      50,
      2.7533044815063477
    ],
    [
      100,
      2.990435838699341
    ],
    [
      150,
      2.7045702934265137
    ],
    [
      200,
      5.801701545715332
    ],
    [
      250,
      6.078291416168213
    ],
    [
      300,
      8.72021770477295
    ],
    [
      350,
      8.995186805725098
    ],
    [
      400,
      7.407663822174072
    ],
    [
      450,
      6.2982401847839355
    ],
    [
      499,
      5.171128273010254
    ]
  ],
  "seconds": 65.6
}