{
  "layer": 11,
  "variant": "shared",
  "rank": 8,
  "eval_loss": 2.5554488283159214,
  "baseline_recomputed": 2.117678308093536,
  "v0_coarse_delta": 0.45355939865112305,
  "residual_delta": 0.43777052022238516,
  "recovery_ratio": 0.0348110489512371,
  "param_count": 16384,
  "param_count_M": 0.0164,
  "recovery_per_M": 2.124697811965155,
  "rescale": false,
  "train_steps": 500,
  "still_falling": false,
  "train_curve": [
    [
      0,
      2.308619260787964
    ],
    [
      50,
      2.35711407661438
    ],
    [
      100,
      2.8870530128479004
    ],
    [
      150,
      3.1942899227142334
    ],
    [
      200,
      2.8973140716552734
    ],
    [
      250,
      2.7943999767303467
    ],
    [
      300,
      2.165968894958496
    ],
    [
      350,
      2.7249176502227783
    ],
    [
      400,
      2.5258548259735107
    ],
    [
      450,
      2.161205768585205
    ],
    [
      499,
      2.479520559310913
    ]
  ],
  "seconds": 65.0
}