{
  "layer": 11,
  "variant": "perhead",
  "rank": 4,
  "eval_loss": 2.912442261577468,
  "baseline_recomputed": 2.117678308093536,
  "v0_coarse_delta": 0.45355939865112305,
  "residual_delta": 0.7947639534839319,
  "recovery_ratio": -0.7522819631729487,
  "param_count": 69632,
  "param_count_M": 0.0696,
  "recovery_per_M": -10.803681686192393,
  "rescale": false,
  "train_steps": 500,
  "still_falling": false,
  "train_curve": [
    [
      0,
      3.0861661434173584
    ],
    [
      50,
      2.402005672454834
    ],
    [
      100,
      2.7855563163757324
    ],
    [
      150,
      2.871626853942871
    ],
    [
      200,
      2.920518398284912
    ],
    [
      250,
      2.832366704940796
    ],
    [
      300,
      2.7922847270965576
    ],
    [
      350,
      3.0605568885803223
    ],
    [
      400,
      3.2972447872161865
    ],
    [
      450,
      2.1373445987701416
    ],
    [
      499,
      2.4490978717803955
    ]
  ],
  "seconds": 65.4
}