{
  "layer": 11,
  "variant": "shared",
  "rank": 8,
  "eval_loss": 3.0992629225088586,
  "baseline_recomputed": 2.117678308093536,
  "v0_coarse_delta": 0.45355939865112305,
  "residual_delta": 0.9815846144153224,
  "recovery_ratio": -1.164180959174336,
  "param_count": 16384,
  "param_count_M": 0.0164,
  "recovery_per_M": -71.05596674648046,
  "rescale": false,
  "train_steps": 500,
  "still_falling": false,
  "train_curve": [
    [
      0,
      2.8695712089538574
    ],
    [
      50,
      2.6363368034362793
    ],
    [
      100,
      2.4879610538482666
    ],
    [
      150,
      2.580963611602783
    ],
    [
      200,
      2.3830277919769287
    ],
    [
      250,
      2.5507097244262695
    ],
    [
      300,
      2.6855945587158203
    ],
    [
      350,
      2.8907620906829834
    ],
    [
      400,
      2.3792355060577393
    ],
    [
      450,
      2.992770195007324
    ],
    [
      499,
      3.157064914703369
    ]
  ],
  "seconds": 65.1
}