{
  "layer": 11,
  "variant": "perhead",
  "rank": 2,
  "eval_loss": 2.900163299769367,
  "baseline_recomputed": 2.117678308093536,
  "v0_coarse_delta": 0.45355939865112305,
  "residual_delta": 0.782484991675831,
  "recovery_ratio": -0.725209518318717,
  "param_count": 34816,
  "param_count_M": 0.0348,
  "recovery_per_M": -20.829777065680062,
  "rescale": false,
  "train_steps": 500,
  "still_falling": false,
  "train_curve": [
    [
      0,
      2.7582039833068848
    ],
    [
      50,
      2.475923776626587
    ],
    [
      100,
      2.6532275676727295
    ],
    [
      150,
      2.6341540813446045
    ],
    [
      200,
      2.8884685039520264
    ],
    [
      250,
      2.8422837257385254
    ],
    [
      300,
      2.7193195819854736
    ],
    [
      350,
      3.1485249996185303
    ],
    [
      400,
      3.0656774044036865
    ],
    [
      450,
      3.2076330184936523
    ],
    [
      499,
      3.1877317428588867
    ]
  ],
  "seconds": 65.4
}