{
  "layer": 11,
  "variant": "shared",
  "rank": 8,
  "eval_loss": 2.5565506638333946,
  "baseline_recomputed": 2.117678308093536,
  "v0_coarse_delta": 0.45355939865112305,
  "residual_delta": 0.4388723557398584,
  "recovery_ratio": 0.032381740858956176,
  "param_count": 16384,
  "param_count_M": 0.0164,
  "recovery_per_M": 1.9764246129733996,
  "rescale": false,
  "train_steps": 500,
  "lr": 3e-05,
  "still_falling": false,
  "train_curve": [
    [
      0,
      2.884678363800049
    ],
    [
      50,
      2.3619065284729004
    ],
    [
      100,
      2.600069999694824
    ],
    [
      150,
      3.3970518112182617
    ],
    [
      200,
      2.6653778553009033
    ],
    [
      250,
      2.410163640975952
    ],
    [
      300,
      2.8057827949523926
    ],
    [
      350,
      2.769493341445923
    ],
    [
      400,
      2.7472009658813477
    ],
    [
      450,
      2.2592053413391113
    ],
    [
      499,
      2.855858564376831
    ]
  ],
  "seconds": 65.2
}