{
  "layer": 11,
  "variant": "shared",
  "rank": 32,
  "eval_loss": 2.5988239953720673,
  "baseline_recomputed": 2.117678308093536,
  "v0_coarse_delta": 0.45355939865112305,
  "residual_delta": 0.48114568727853113,
  "recovery_ratio": -0.060821777058196025,
  "param_count": 65536,
  "param_count_M": 0.0655,
  "recovery_per_M": -0.928066666537415,
  "rescale": false,
  "train_steps": 500,
  "lr": 3e-05,
  "still_falling": false,
  "train_curve": [
    [
      0,
      2.4625792503356934
    ],
    [
      50,
      2.9160685539245605
    ],
    [
      100,
      2.806685447692871
    ],
    [
      150,
      2.562016725540161
    ],
    [
      200,
      2.3914568424224854
    ],
    [
      250,
      2.48496413230896
    ],
    [
      300,
      2.7436060905456543
    ],
    [
      350,
      2.946113348007202
    ],
    [
      400,
      1.9659481048583984
    ],
    [
      450,
      2.1693131923675537
    ],
    [
      499,
      2.416092872619629
    ]
  ],
  "seconds": 65.2
}