{
  "layer": 11,
  "variant": "perhead",
  "rank": 4,
  "eval_loss": 2.5595452302129154,
  "baseline_recomputed": 2.117678308093536,
  "v0_coarse_delta": 0.45355939865112305,
  "residual_delta": 0.44186692211937917,
  "recovery_ratio": 0.02577937215393855,
  "param_count": 69632,
  "param_count_M": 0.0696,
  "recovery_per_M": 0.37022306057471494,
  "rescale": false,
  "train_steps": 500,
  "lr": 3e-05,
  "still_falling": false,
  "train_curve": [
    [
      0,
      2.5658135414123535
    ],
    [
      50,
      2.529418706893921
    ],
    [
      100,
      2.655548572540283
    ],
    [
      150,
      2.7805306911468506
    ],
    [
      200,
      2.6932451725006104
    ],
    [
      250,
      2.3001315593719482
    ],
    [
      300,
      2.295450448989868
    ],
    [
      350,
      2.8268587589263916
    ],
    [
      400,
      2.376255750656128
    ],
    [
      450,
      2.395719528198242
    ],
    [
      499,
      2.6931920051574707
    ]
  ],
  "seconds": 65.6
}