{
  "layer": 11,
  "variant": "perhead",
  "rank": 8,
  "eval_loss": 2.552464642328018,
  "baseline_recomputed": 2.117678308093536,
  "v0_coarse_delta": 0.45355939865112305,
  "residual_delta": 0.43478633423448176,
  "recovery_ratio": 0.04139053114646507,
  "param_count": 139264,
  "param_count_M": 0.1393,
  "recovery_per_M": 0.2972091218582338,
  "rescale": false,
  "train_steps": 500,
  "lr": 3e-05,
  "still_falling": false,
  "train_curve": [
    [
      0,
      2.4215903282165527
    ],
    [
      50,
      2.480881452560425
    ],
    [
      100,
      2.724050998687744
    ],
    [
      150,
      2.505431890487671
    ],
    [
      200,
      2.3822615146636963
    ],
    [
      250,
      2.374016761779785
    ],
    [
      300,
      2.7446906566619873
    ],
    [
      350,
      1.9956289529800415
    ],
    [
      400,
      1.9642270803451538
    ],
    [
      450,
      2.083322286605835
    ],
    [
      499,
      2.6476776599884033
    ]
  ],
  "seconds": 65.6
}