{
  "layer": 11,
  "variant": "perhead",
  "rank": 32,
  "eval_loss": 2.593013963984604,
  "baseline_recomputed": 2.117678308093536,
  "v0_coarse_delta": 0.45355939865112305,
  "residual_delta": 0.47533565589106797,
  "recovery_ratio": -0.04801191928710358,
  "param_count": 557056,
  "param_count_M": 0.5571,
  "recovery_per_M": -0.0861886763397281,
  "rescale": false,
  "train_steps": 500,
  "lr": 3e-05,
  "still_falling": false,
  "train_curve": [
    [
      0,
      2.585371971130371
    ],
    [
      50,
      2.377356767654419
    ],
    [
      100,
      2.454345226287842
    ],
    [
      150,
      2.1355340480804443
    ],
    [
      200,
      2.613614559173584
    ],
    [
      250,
      1.9892135858535767
    ],
    [
      300,
      2.873476505279541
    ],
    [
      350,
      2.6806607246398926
    ],
    [
      400,
      2.5865488052368164
    ],
    [
      450,
      2.7951176166534424
    ],
    [
      499,
      3.0090646743774414
    ]
  ],
  "seconds": 65.8
}