{
  "layer": 11,
  "variant": "shared",
  "rank": 4,
  "eval_loss": 2.5591435890533356,
  "baseline_recomputed": 2.117678308093536,
  "v0_coarse_delta": 0.45355939865112305,
  "residual_delta": 0.4414652809597994,
  "recovery_ratio": 0.0266649037089548,
  "param_count": 8192,
  "param_count_M": 0.0082,
  "recovery_per_M": 3.254993128534522,
  "rescale": false,
  "train_steps": 500,
  "lr": 3e-05,
  "still_falling": true,
  "train_curve": [
    [
      0,
      2.7413089275360107
    ],
    [
      50,
      2.5238707065582275
    ],
    [
      100,
      2.3461973667144775
    ],
    [
      150,
      1.988559365272522
    ],
    [
      200,
      2.770263671875
    ],
    [
      250,
      3.0341625213623047
    ],
    [
      300,
      2.320080280303955
    ],
    [
      350,
      2.4354848861694336
    ],
    [
      400,
      2.3242852687835693
    ],
    [
      450,
      2.5943443775177
    ],
    [
      499,
      2.5518829822540283
    ]
  ],
  "seconds": 65.2
}