{
  "layer": 11,
  "variant": "perhead",
  "rank": 16,
  "eval_loss": 8.510181058315005,
  "baseline_recomputed": 2.117678308093536,
  "v0_coarse_delta": 0.45355939865112305,
  "residual_delta": 6.392502750221469,
  "recovery_ratio": -13.094080663376506,
  "param_count": 278528,
  "param_count_M": 0.2785,
  "recovery_per_M": -47.011721131722865,
  "rescale": false,
  "train_steps": 500,
  "still_falling": false,
  "train_curve": [
    [
      0,
      2.5950260162353516
    ],
    [
      50,
      2.9375288486480713
    ],
    [
      100,
      3.0279722213745117
    ],
    [
      150,
      3.2094364166259766
    ],
    [
      200,
      3.046996593475342
    ],
    [
      250,
      6.044666767120361
    ],
    [
      300,
      7.141650199890137
    ],
    [
      350,
      7.864661693572998
    ],
    [
      400,
      8.751201629638672
    ],
    [
      450,
      9.071484565734863
    ],
    [
      499,
      8.696098327636719
    ]
  ],
  "seconds": 65.5
}