{
  "layer": 11,
  "variant": "shared",
  "rank": 16,
  "eval_loss": 5.436338835685484,
  "baseline_recomputed": 2.117678308093536,
  "v0_coarse_delta": 0.45355939865112305,
  "residual_delta": 3.3186605275919474,
  "recovery_ratio": -6.316925936187366,
  "param_count": 32768,
  "param_count_M": 0.0328,
  "recovery_per_M": -192.7772807674367,
  "rescale": false,
  "train_steps": 500,
  "still_falling": false,
  "train_curve": [
    [
      0,
      2.4591989517211914
    ],
    [
      50,
      3.544196844100952
    ],
    [
      100,
      6.428056716918945
    ],
    [
      150,
      5.495345115661621
    ],
    [
      200,
      8.457403182983398
    ],
    [
      250,
      4.49799108505249
    ],
    [
      300,
      5.248534679412842
    ],
    [
      350,
      4.5440568923950195
    ],
    [
      400,
      6.864930629730225
    ],
    [
      450,
      6.2813920974731445
    ],
    [
      499,
      5.840251922607422
    ]
  ],
  "seconds": 65.1
}