{
  "layer": 5,
  "variant": "perhead",
  "rank": 8,
  "eval_loss": 2.5295097837625242,
  "baseline_recomputed": 2.117678308093536,
  "v0_coarse_delta": 0.6230111122131348,
  "residual_delta": 0.41183147566898803,
  "recovery_ratio": 0.33896608327573663,
  "param_count": 139264,
  "param_count_M": 0.1393,
  "recovery_per_M": 2.4339821007276585,
  "rescale": false,
  "train_steps": 500,
  "still_falling": false,
  "train_curve": [
    [
      0,
      3.029958724975586
    ],
    [
      50,
      2.0434370040893555
    ],
    [
      100,
      2.650883674621582
    ],
    [
      150,
      2.3954386711120605
    ],
    [
      200,
      2.3096706867218018
    ],
    [
      250,
      2.455059289932251
    ],
    [
      300,
      2.6903133392333984
    ],
    [
      350,
      2.0398006439208984
    ],
    [
      400,
      2.441071033477783
    ],
    [
      450,
      2.2816362380981445
    ],
    [
      499,
      2.45341157913208
    ]
  ],
  "seconds": 72.8
}