{
  "layer": 5,
  "variant": "perhead",
  "rank": 32,
  "eval_loss": 2.6041367664803277,
  "baseline_recomputed": 2.117678308093536,
  "v0_coarse_delta": 0.6230111122131348,
  "residual_delta": 0.48645845838679147,
  "recovery_ratio": 0.2191817307098498,
  "param_count": 557056,
  "param_count_M": 0.5571,
  "recovery_per_M": 0.3934644465006208,
  "rescale": false,
  "train_steps": 500,
  "lr": 3e-05,
  "still_falling": false,
  "train_curve": [
    [
      0,
      2.5395474433898926
    ],
    [
      50,
      2.6940383911132812
    ],
    [
      100,
      3.0057060718536377
    ],
    [
      150,
      2.600611925125122
    ],
    [
      200,
      2.887416124343872
    ],
    [
      250,
      2.540921926498413
    ],
    [
      300,
      2.6547632217407227
    ],
    [
      350,
      2.779285192489624
    ],
    [
      400,
      3.1718645095825195
    ],
    [
      450,
      2.148174524307251
    ],
    [
      499,
      2.780362606048584
    ]
  ],
  "seconds": 73.3
}