{
  "layer": 5,
  "variant": "perhead",
  "rank": 16,
  "eval_loss": 2.593578955507698,
  "baseline_recomputed": 2.117678308093536,
  "v0_coarse_delta": 0.6230111122131348,
  "residual_delta": 0.4759006474141616,
  "recovery_ratio": 0.23612815552581357,
  "param_count": 278528,
  "param_count_M": 0.2785,
  "recovery_per_M": 0.8477716980907254,
  "rescale": false,
  "train_steps": 500,
  "lr": 3e-05,
  "still_falling": true,
  "train_curve": [
    [
      0,
      2.8505425453186035
    ],
    [
      50,
      2.162766933441162
    ],
    [
      100,
      3.1712779998779297
    ],
    [
      150,
      2.5670464038848877
    ],
    [
      200,
      2.1519904136657715
    ],
    [
      250,
      2.668989658355713
    ],
    [
      300,
      2.5439746379852295
    ],
    [
      350,
      2.513029098510742
    ],
    [
      400,
      2.6749279499053955
    ],
    [
      450,
      2.8834197521209717
    ],
    [
      499,
      2.4064040184020996
    ]
  ],
  "seconds": 73.2
}