{
  "layer": 5,
  "variant": "perhead",
  "rank": 16,
  "eval_loss": 2.7102749200039713,
  "baseline_recomputed": 2.117678308093536,
  "v0_coarse_delta": 0.6230111122131348,
  "residual_delta": 0.5925966119104351,
  "recovery_ratio": 0.048818551878886396,
  "param_count": 278528,
  "param_count_M": 0.2785,
  "recovery_per_M": 0.17527340834273897,
  "rescale": false,
  "train_steps": 500,
  "still_falling": true,
  "train_curve": [
    [
      0,
      3.2028729915618896
    ],
    [
      50,
      2.6512370109558105
    ],
    [
      100,
      2.4820098876953125
    ],
    [
      150,
      2.5457911491394043
    ],
    [
      200,
      2.592423439025879
    ],
    [
      250,
      2.718125343322754
    ],
    [
      300,
      2.787665367126465
    ],
    [
      350,
      2.4738705158233643
    ],
    [
      400,
      3.1290950775146484
    ],
    [
      450,
      3.2726919651031494
    ],
    [
      499,
      2.6996262073516846
    ]
  ],
  "seconds": 73.0
}