{
  "layer": 5,
  "variant": "perhead",
  "rank": 4,
  "eval_loss": 2.6657077777523215,
  "baseline_recomputed": 2.117678308093536,
  "v0_coarse_delta": 0.6230111122131348,
  "residual_delta": 0.5480294696587853,
  "recovery_ratio": 0.12035361983832149,
  "param_count": 69632,
  "param_count_M": 0.0696,
  "recovery_per_M": 1.7284239981376592,
  "rescale": false,
  "train_steps": 500,
  "lr": 3e-05,
  "still_falling": false,
  "train_curve": [
    [
      0,
      3.085439682006836
    ],
    [
      50,
      3.1326045989990234
    ],
    [
      100,
      2.882577657699585
    ],
    [
      150,
      2.989830732345581
    ],
    [
      200,
      2.511868953704834
    ],
    [
      250,
      2.7842767238616943
    ],
    [
      300,
      2.613003730773926
    ],
    [
      350,
      2.6986570358276367
    ],
    [
      400,
      3.054104804992676
    ],
    [
      450,
      2.4244816303253174
    ],
    [
      499,
      2.959834098815918
    ]
  ],
  "seconds": 73.2
}