{
  "layer": 5,
  "variant": "perhead",
  "rank": 2,
  "eval_loss": 2.6156919236467497,
  "baseline_recomputed": 2.117678308093536,
  "v0_coarse_delta": 0.6230111122131348,
  "residual_delta": 0.49801361555321355,
  "recovery_ratio": 0.20063445773204613,
  "param_count": 34816,
  "param_count_M": 0.0348,
  "recovery_per_M": 5.762708459675038,
  "rescale": false,
  "train_steps": 500,
  "still_falling": false,
  "train_curve": [
    [
      0,
      2.6306045055389404
    ],
    [
      50,
      2.7230875492095947
    ],
    [
      100,
      2.3859856128692627
    ],
    [
      150,
      2.656869888305664
    ],
    [
      200,
      2.3516714572906494
    ],
    [
      250,
      2.4788811206817627
    ],
    [
      300,
      2.5923051834106445
    ],
    [
      350,
      2.5321590900421143
    ],
    [
      400,
      2.5442657470703125
    ],
    [
      450,
      2.8657174110412598
    ],
    [
      499,
      2.6547930240631104
    ]
  ],
  "seconds": 72.5
}