{
  "layer": 5,
  "variant": "perhead",
  "rank": 4,
  "eval_loss": 2.7542101098561216,
  "baseline_recomputed": 2.117678308093536,
  "v0_coarse_delta": 0.6230111122131348,
  "residual_delta": 0.6365318017625854,
  "recovery_ratio": -0.021702164350521524,
  "param_count": 69632,
  "param_count_M": 0.0696,
  "recovery_per_M": -0.3116694099052379,
  "rescale": false,
  "train_steps": 500,
  "still_falling": true,
  "train_curve": [
    [
      0,
      2.7497451305389404
    ],
    [
      50,
      2.6588149070739746
    ],
    [
      100,
      2.721052646636963
    ],
    [
      150,
      2.745609998703003
    ],
    [
      200,
      3.2492237091064453
    ],
    [
      250,
      2.962028980255127
    ],
    [
      300,
      3.2887861728668213
    ],
    [
      350,
      2.9777703285217285
    ],
    [
      400,
      2.8832128047943115
    ],
    [
      450,
      2.8785743713378906
    ],
    [
      499,
      2.561176300048828
    ]
  ],
  "seconds": 72.8
}