{
  "layer": 5,
  "variant": "perhead",
  "rank": 2,
  "eval_loss": 2.6912059229517964,
  "baseline_recomputed": 2.117678308093536,
  "v0_coarse_delta": 0.6230111122131348,
  "residual_delta": 0.5735276148582602,
  "recovery_ratio": 0.07942634791712355,
  "param_count": 34816,
  "param_count_M": 0.0348,
  "recovery_per_M": 2.28131743787694,
  "rescale": false,
  "train_steps": 500,
  "lr": 3e-05,
  "still_falling": false,
  "train_curve": [
    [
      0,
      3.162365436553955
    ],
    [
      50,
      2.288665294647217
    ],
    [
      100,
      2.718918800354004
    ],
    [
      150,
      2.9547595977783203
    ],
    [
      200,
      2.811861515045166
    ],
    [
      250,
      2.5560193061828613
    ],
    [
      300,
      2.9926154613494873
    ],
    [
      350,
      2.843341588973999
    ],
    [
      400,
      3.105078935623169
    ],
    [
      450,
      2.1647326946258545
    ],
    [
      499,
      2.514781951904297
    ]
  ],
  "seconds": 73.1
}