{
  "layer": 5,
  "variant": "perhead",
  "rank": 32,
  "eval_loss": 2.976649420744746,
  "baseline_recomputed": 2.117678308093536,
  "v0_coarse_delta": 0.6230111122131348,
  "residual_delta": 0.8589711126512096,
  "recovery_ratio": -0.3787412388197531,
  "param_count": 557056,
  "param_count_M": 0.5571,
  "recovery_per_M": -0.679897961461241,
  "rescale": false,
  "train_steps": 500,
  "still_falling": false,
  "train_curve": [
    [
      0,
      2.043579339981079
    ],
    [
      50,
      2.5486834049224854
    ],
    [
      100,
      3.2173781394958496
    ],
    [
      150,
      2.266423463821411
    ],
    [
      200,
      3.0034091472625732
    ],
    [
      250,
      2.4899675846099854
    ],
    [
      300,
      3.14593505859375
    ],
    [
      350,
      3.101494789123535
    ],
    [
      400,
      2.4637954235076904
    ],
    [
      450,
      3.301311731338501
    ],
    [
      499,
      2.7698371410369873
    ]
  ],
  "seconds": 73.2
}