{
  "layer": 5,
  "variant": "perhead",
  "rank": 8,
  "eval_loss": 2.6269192832432187,
  "baseline_recomputed": 2.117678308093536,
  "v0_coarse_delta": 0.6230111122131348,
  "residual_delta": 0.5092409751496825,
  "recovery_ratio": 0.18261333519285772,
  "param_count": 139264,
  "param_count_M": 0.1393,
  "recovery_per_M": 1.3112745231564347,
  "rescale": false,
  "train_steps": 500,
  "lr": 3e-05,
  "still_falling": false,
  "train_curve": [
    [
      0,
      2.100377082824707
    ],
    [
      50,
      3.442112445831299
    ],
    [
      100,
      2.606236457824707
    ],
    [
      150,
      3.203554391860962
    ],
    [
      200,
      2.4786267280578613
    ],
    [
      250,
      3.083958625793457
    ],
    [
      300,
      2.2732088565826416
    ],
    [
      350,
      2.5857396125793457
    ],
    [
      400,
      2.7613918781280518
    ],
    [
      450,
      2.9200987815856934
    ],
    [
      499,
      2.6075327396392822
    ]
  ],
  "seconds": 73.1
}