{
  "layer": 5,
  "variant": "shared",
  "rank": 8,
  "eval_loss": 2.681005417392168,
  "baseline_recomputed": 2.117678308093536,
  "v0_coarse_delta": 0.6230111122131348,
  "residual_delta": 0.5633271092986316,
  "recovery_ratio": 0.09579925902523068,
  "param_count": 16384,
  "param_count_M": 0.0164,
  "recovery_per_M": 5.8471227432391775,
  "rescale": false,
  "train_steps": 500,
  "still_falling": false,
  "train_curve": [
    [
      0,
      2.803333044052124
    ],
    [
      50,
      3.0682449340820312
    ],
    [
      100,
      2.993298053741455
    ],
    [
      150,
      2.715008020401001
    ],
    [
      200,
      2.785055637359619
    ],
    [
      250,
      2.866276264190674
    ],
    [
      300,
      2.8082327842712402
    ],
    [
      350,
      2.4621057510375977
    ],
    [
      400,
      2.5745136737823486
    ],
    [
      450,
      2.771111249923706
    ],
    [
      499,
      2.7631752490997314
    ]
  ],
  "seconds": 72.3
}