{
  "layer": 5,
  "variant": "shared",
  "rank": 8,
  "eval_loss": 2.629286238773827,
  "baseline_recomputed": 2.117678308093536,
  "v0_coarse_delta": 0.6230111122131348,
  "residual_delta": 0.5116079306802908,
  "recovery_ratio": 0.17881411639208855,
  "param_count": 16384,
  "param_count_M": 0.0164,
  "recovery_per_M": 10.913947533696811,
  "rescale": false,
  "train_steps": 500,
  "lr": 3e-05,
  "still_falling": false,
  "train_curve": [
    [
      0,
      2.482281446456909
    ],
    [
      50,
      2.6475603580474854
    ],
    [
      100,
      2.1207354068756104
    ],
    [
      150,
      2.4766249656677246
    ],
    [
      200,
      2.790602684020996
    ],
    [
      250,
      2.8534371852874756
    ],
    [
      300,
      2.830296277999878
    ],
    [
      350,
      2.8003029823303223
    ],
    [
      400,
      2.513767719268799
    ],
    [
      450,
      2.619309902191162
    ],
    [
      499,
      3.1038284301757812
    ]
  ],
  "seconds": 72.7
}