{
  "layer": 5,
  "variant": "shared",
  "rank": 8,
  "eval_loss": 2.6314360222690616,
  "baseline_recomputed": 2.117678308093536,
  "v0_coarse_delta": 0.6230111122131348,
  "residual_delta": 0.5137577141755254,
  "recovery_ratio": 0.17536348212073838,
  "param_count": 16384,
  "param_count_M": 0.0164,
  "recovery_per_M": 10.70333753178335,
  "rescale": false,
  "train_steps": 500,
  "still_falling": false,
  "train_curve": [
    [
      0,
      2.190659284591675
    ],
    [
      50,
      2.6091349124908447
    ],
    [
      100,
      2.539614677429199
    ],
    [
      150,
      3.0239760875701904
    ],
    [
      200,
      2.625293254852295
    ],
    [
      250,
      2.823744535446167
    ],
    [
      300,
      2.6535565853118896
    ],
    [
      350,
      2.6173882484436035
    ],
    [
      400,
      2.579723358154297
    ],
    [
      450,
      2.641812562942505
    ],
    [
      499,
      2.579289674758911
    ]
  ],
  "seconds": 72.7
}