{
  "layer": 5,
  "variant": "shared",
  "rank": 2,
  "eval_loss": 2.6972346241523093,
  "baseline_recomputed": 2.117678308093536,
  "v0_coarse_delta": 0.6230111122131348,
  "residual_delta": 0.5795563160587731,
  "recovery_ratio": 0.0697496325547009,
  "param_count": 4096,
  "param_count_M": 0.0041,
  "recovery_per_M": 17.028718885425025,
  "rescale": false,
  "train_steps": 500,
  "lr": 3e-05,
  "still_falling": false,
  "train_curve": [
    [
      0,
      3.162862539291382
    ],
    [
      50,
      2.807121753692627
    ],
    [
      100,
      2.5952436923980713
    ],
    [
      150,
      2.1419217586517334
    ],
    [
      200,
      2.9743762016296387
    ],
    [
      250,
      3.194220781326294
    ],
    [
      300,
      3.1325981616973877
    ],
    [
      350,
      2.358027458190918
    ],
    [
      400,
      3.0392024517059326
    ],
    [
      450,
      2.785895586013794
    ],
    [
      499,
      2.9202497005462646
    ]
  ],
  "seconds": 72.3
}