{
  "layer": 5,
  "variant": "shared",
  "rank": 16,
  "eval_loss": 2.6714021308727394,
  "baseline_recomputed": 2.117678308093536,
  "v0_coarse_delta": 0.6230111122131348,
  "residual_delta": 0.5537238227792032,
  "recovery_ratio": 0.111213569189482,
  "param_count": 32768,
  "param_count_M": 0.0328,
  "recovery_per_M": 3.39396878630011,
  "rescale": false,
  "train_steps": 500,
  "still_falling": false,
  "train_curve": [
    [
      0,
      2.223802328109741
    ],
    [
      50,
      2.9287326335906982
    ],
    [
      100,
      2.318579912185669
    ],
    [
      150,
      2.315253496170044
    ],
    [
      200,
      2.5760369300842285
    ],
    [
      250,
      2.407299518585205
    ],
    [
      300,
      2.9178805351257324
    ],
    [
      350,
      2.657224416732788
    ],
    [
      400,
      2.750873565673828
    ],
    [
      450,
      2.7026898860931396
    ],
    [
      499,
      2.4778342247009277
    ]
  ],
  "seconds": 72.8
}