{
  "layer": 5,
  "variant": "shared",
  "rank": 4,
  "eval_loss": 2.6143134450604837,
  "baseline_recomputed": 2.117678308093536,
  "v0_coarse_delta": 0.6230111122131348,
  "residual_delta": 0.4966351369669475,
  "recovery_ratio": 0.202847064472509,
  "param_count": 8192,
  "param_count_M": 0.0082,
  "recovery_per_M": 24.76160454986682,
  "rescale": false,
  "train_steps": 500,
  "still_falling": false,
  "train_curve": [
    [
      0,
      2.8695199489593506
    ],
    [
      50,
      2.537743330001831
    ],
    [
      100,
      2.6577377319335938
    ],
    [
      150,
      2.8184940814971924
    ],
    [
      200,
      2.6840498447418213
    ],
    [
      250,
      2.8020150661468506
    ],
    [
      300,
      2.2515830993652344
    ],
    [
      350,
      2.828634262084961
    ],
    [
      400,
      3.1614410877227783
    ],
    [
      450,
      2.5795726776123047
    ],
    [
      499,
      2.88334059715271
    ]
  ],
  "seconds": 72.6
}