{
  "layer": 5,
  "variant": "shared",
  "rank": 32,
  "eval_loss": 2.5958903118890517,
  "baseline_recomputed": 2.117678308093536,
  "v0_coarse_delta": 0.6230111122131348,
  "residual_delta": 0.47821200379551554,
  "recovery_ratio": 0.23241817935356957,
  "param_count": 65536,
  "param_count_M": 0.0655,
  "recovery_per_M": 3.5464199730464108,
  "rescale": false,
  "train_steps": 500,
  "lr": 3e-05,
  "still_falling": false,
  "train_curve": [
    [
      0,
      2.63974928855896
    ],
    [
      50,
      2.593705415725708
    ],
    [
      100,
      2.9427742958068848
    ],
    [
      150,
      3.135056972503662
    ],
    [
      200,
      2.965466260910034
    ],
    [
      250,
      2.4208788871765137
    ],
    [
      300,
      2.5936906337738037
    ],
    [
      350,
      2.5864527225494385
    ],
    [
      400,
      2.0597071647644043
    ],
    [
      450,
      2.694521188735962
    ],
    [
      499,
      2.9443955421447754
    ]
  ],
  "seconds": 72.8
}