{
  "layer": 5,
  "variant": "shared",
  "rank": 16,
  "eval_loss": 2.6159030577956988,
  "baseline_recomputed": 2.117678308093536,
  "v0_coarse_delta": 0.6230111122131348,
  "residual_delta": 0.4982247497021626,
  "recovery_ratio": 0.2002955646612644,
  "param_count": 32768,
  "param_count_M": 0.0328,
  "recovery_per_M": 6.112535542641126,
  "rescale": false,
  "train_steps": 500,
  "lr": 3e-05,
  "still_falling": false,
  "train_curve": [
    [
      0,
      2.771646022796631
    ],
    [
      50,
      2.9113783836364746
    ],
    [
      100,
      1.8946635723114014
    ],
    [
      150,
      3.15047025680542
    ],
    [
      200,
      2.801028251647949
    ],
    [
      250,
      2.492205858230591
    ],
    [
      300,
      2.513655662536621
    ],
    [
      350,
      2.8917267322540283
    ],
    [
      400,
      2.4038727283477783
    ],
    [
      450,
      2.238939046859741
    ],
    [
      499,
      2.2791836261749268
    ]
  ],
  "seconds": 72.8
}