{
  "layer": 5,
  "variant": "shared",
  "rank": 8,
  "eval_loss": 3.101263814111376,
  "baseline_recomputed": 2.117678308093536,
  "v0_coarse_delta": 0.6230111122131348,
  "residual_delta": 0.9835855060178398,
  "recovery_ratio": -0.5787607744648879,
  "param_count": 16384,
  "param_count_M": 0.0164,
  "recovery_per_M": -35.324754300835444,
  "rescale": false,
  "train_steps": 500,
  "still_falling": false,
  "train_curve": [
    [
      0,
      2.0905494689941406
    ],
    [
      50,
      2.519840717315674
    ],
    [
      100,
      2.3180935382843018
    ],
    [
      150,
      2.7590649127960205
    ],
    [
      200,
      2.46669340133667
    ],
    [
      250,
      2.996861696243286
    ],
    [
      300,
      3.0700623989105225
    ],
    [
      350,
      2.9289870262145996
    ],
    [
      400,
      2.9648892879486084
    ],
    [
      450,
      2.7756941318511963
    ],
    [
      499,
      3.219005584716797
    ]
  ],
  "seconds": 72.4
}