{
  "layer": 5,
  "variant": "shared",
  "rank": 4,
  "eval_loss": 2.6702764168270408,
  "baseline_recomputed": 2.117678308093536,
  "v0_coarse_delta": 0.6230111122131348,
  "residual_delta": 0.5525981087335046,
  "recovery_ratio": 0.11302046159257206,
  "param_count": 8192,
  "param_count_M": 0.0082,
  "recovery_per_M": 13.79644306549952,
  "rescale": false,
  "train_steps": 500,
  "lr": 3e-05,
  "still_falling": true,
  "train_curve": [
    [
      0,
      2.7597992420196533
    ],
    [
      50,
      2.8797059059143066
    ],
    [
      100,
      2.7150590419769287
    ],
    [
      150,
      2.296759843826294
    ],
    [
      200,
      2.7681312561035156
    ],
    [
      250,
      2.689591407775879
    ],
    [
      300,
      2.9313693046569824
    ],
    [
      350,
      2.6451077461242676
    ],
    [
      400,
      1.8699893951416016
    ],
    [
      450,
      2.707303285598755
    ],
    [
      499,
      2.484281539916992
    ]
  ],
  "seconds": 72.6
}