{
  "layer": 5,
  "variant": "shared",
  "rank": 32,
  "eval_loss": 2.714873235887097,
  "baseline_recomputed": 2.117678308093536,
  "v0_coarse_delta": 0.6230111122131348,
  "residual_delta": 0.5971949277935606,
  "recovery_ratio": 0.04143775915628012,
  "param_count": 65536,
  "param_count_M": 0.0655,
  "recovery_per_M": 0.6322900261883563,
  "rescale": false,
  "train_steps": 500,
  "still_falling": true,
  "train_curve": [
    [
      0,
      2.80708909034729
    ],
    [
      50,
      2.653740406036377
    ],
    [
      100,
      2.510322332382202
    ],
    [
      150,
      2.4858548641204834
    ],
    [
      200,
      2.55079984664917
    ],
    [
      250,
      2.542405128479004
    ],
    [
      300,
      2.7480216026306152
    ],
    [
      350,
      2.5860843658447266
    ],
    [
      400,
      2.473703384399414
    ],
    [
      450,
      2.992265462875366
    ],
    [
      499,
      2.482473373413086
    ]
  ],
  "seconds": 72.9
}