{
  "layer": 5,
  "variant": "shared",
  "rank": 2,
  "eval_loss": 2.633626802297165,
  "baseline_recomputed": 2.117678308093536,
  "v0_coarse_delta": 0.6230111122131348,
  "residual_delta": 0.515948494203629,
  "recovery_ratio": 0.1718470439944243,
  "param_count": 4096,
  "param_count_M": 0.0041,
  "recovery_per_M": 41.95484472520125,
  "rescale": false,
  "train_steps": 500,
  "still_falling": false,
  "train_curve": [
    [
      0,
      2.896557092666626
    ],
    [
      50,
      2.51788592338562
    ],
    [
      100,
      2.369900703430176
    ],
    [
      150,
      2.491464853286743
    ],
    [
      200,
      2.865203619003296
    ],
    [
      250,
      1.9994128942489624
    ],
    [
      300,
      2.2557694911956787
    ],
    [
      350,
      2.5645787715911865
    ],
    [
      400,
      2.3010079860687256
    ],
    [
      450,
      2.6608400344848633
    ],
    [
      499,
      2.7500224113464355
    ]
  ],
  "seconds": 72.5
}