{
  "5": {
    "ranks_for_variance": {
      "50%": 56,
      "90%": 334,
      "95%": 449,
      "99%": 666
    },
    "participation_ratio": 73.6,
    "total_var_diff": 552.7291375029309,
    "total_var_realV": 278.6819011106561,
    "cumvar_first32": [
      0.093,
      0.118,
      0.138,
      0.156,
      0.173,
      0.188,
      0.202,
      0.215,
      0.227,
      0.239,
      0.249,
      0.259,
      0.269,
      0.278,
      0.286,
      0.294,
      0.302,
      0.31,
      0.317,
      0.324,
      0.331,
      0.338,
      0.345,
      0.351,
      0.357,
      0.363,
      0.369,
      0.375,
      0.381,
      0.386,
      0.392,
      0.397
    ]
  },
  "11": {
    "ranks_for_variance": {
      "50%": 57,
      "90%": 326,
      "95%": 440,
      "99%": 657
    },
    "participation_ratio": 77.9,
    "total_var_diff": 1288.4110180371526,
    "total_var_realV": 639.5183439660794,
    "cumvar_first32": [
      0.091,
      0.111,
      0.129,
      0.145,
      0.161,
      0.175,
      0.189,
      0.201,
      0.212,
      0.223,
      0.233,
      0.243,
      0.253,
      0.262,
      0.271,
      0.279,
      0.287,
      0.295,
      0.303,
      0.31,
      0.318,
      0.325,
      0.332,
      0.339,
      0.345,
      0.352,
      0.359,
      0.365,
      0.371,
      0.377,
      0.383,
      0.388
    ]
  }
}