{
  "0": {
    "magnitude_trait_mean": 0.00397452765410087,
    "magnitude_trait_std": 8.761676666762138e-19,
    "magnitude_neutral_mean": 0.00397452765410087,
    "magnitude_neutral_std": 8.761676666762138e-19,
    "magnitude_ratio": 1.0,
    "magnitude_mwu_pvalue": 1.0,
    "var_explained_pc1": 1.0,
    "var_explained_top3": 1.0,
    "var_explained_top5": 1.0,
    "var_explained_top10": 1.0,
    "cross_seed_pc1_cosine": {
      "values": [
        1.0,
        1.0,
        1.0
      ],
      "mean": 1.0
    }
  },
  "1": {
    "magnitude_trait_mean": 0.44753608651790094,
    "magnitude_trait_std": 0.013175858814141761,
    "magnitude_neutral_mean": 0.4538194158555108,
    "magnitude_neutral_std": 0.011307264968385178,
    "magnitude_ratio": 0.986154560342543,
    "magnitude_mwu_pvalue": 0.9945714749110555,
    "var_explained_pc1": 0.20445846886244795,
    "var_explained_top3": 0.38931506502424273,
    "var_explained_top5": 0.48403726322608853,
    "var_explained_top10": 0.6075753322927195,
    "cross_seed_pc1_cosine": {
      "values": [
        0.8596544130973882,
        0.8421692159997007,
        0.8588157874384913
      ],
      "mean": 0.8535464721785267
    }
  },
  "2": {
    "magnitude_trait_mean": 1.1531777900895641,
    "magnitude_trait_std": 0.02588450379474362,
    "magnitude_neutral_mean": 1.133798644060788,
    "magnitude_neutral_std": 0.02681928173514582,
    "magnitude_ratio": 1.0170922289687774,
    "magnitude_mwu_pvalue": 0.0002526489269745517,
    "var_explained_pc1": 0.2870472389091977,
    "var_explained_top3": 0.5630009215926588,
    "var_explained_top5": 0.6756506086116315,
    "var_explained_top10": 0.7760178041522132,
    "cross_seed_pc1_cosine": {
      "values": [
        0.9352274542090397,
        0.8794055678695759,
        0.9461231931852433
      ],
      "mean": 0.9202520717546196
    }
  },
  "3": {
    "magnitude_trait_mean": 2.1915837154277553,
    "magnitude_trait_std": 0.057207805856157284,
    "magnitude_neutral_mean": 2.2129683220798584,
    "magnitude_neutral_std": 0.060636582096014635,
    "magnitude_ratio": 0.9903366865043939,
    "magnitude_mwu_pvalue": 0.9303930009609823,
    "var_explained_pc1": 0.29757905479703595,
    "var_explained_top3": 0.4995666079874649,
    "var_explained_top5": 0.6073569740896314,
    "var_explained_top10": 0.7318036627306285,
    "cross_seed_pc1_cosine": {
      "values": [
        0.5661670831308853,
        0.8014704981220022,
        0.85653726149278
      ],
      "mean": 0.7413916142485558
    }
  },
  "4": {
    "magnitude_trait_mean": 3.4831875844525992,
    "magnitude_trait_std": 0.10167842072803492,
    "magnitude_neutral_mean": 3.5364731077275233,
    "magnitude_neutral_std": 0.1106037806940729,
    "magnitude_ratio": 0.984932580666741,
    "magnitude_mwu_pvalue": 0.9896352867713392,
    "var_explained_pc1": 0.27641852574648035,
    "var_explained_top3": 0.5024316829647635,
    "var_explained_top5": 0.5924955409704709,
    "var_explained_top10": 0.7121989013490524,
    "cross_seed_pc1_cosine": {
      "values": [
        0.7798897863957857,
        0.8774837840021524,
        0.9048867174029396
      ],
      "mean": 0.8540867626002925
    }
  },
  "5": {
    "magnitude_trait_mean": 8.239347921228587,
    "magnitude_trait_std": 0.43602695482303777,
    "magnitude_neutral_mean": 8.425800293342089,
    "magnitude_neutral_std": 0.4826433168640747,
    "magnitude_ratio": 0.9778712566614197,
    "magnitude_mwu_pvalue": 0.9955543374603146,
    "var_explained_pc1": 0.20497760411226715,
    "var_explained_top3": 0.4841643105565834,
    "var_explained_top5": 0.5834226470665876,
    "var_explained_top10": 0.7164282205792812,
    "cross_seed_pc1_cosine": {
      "values": [
        0.6505482507542613,
        0.5280994347750856,
        0.8825436540644007
      ],
      "mean": 0.6870637798645826
    }
  },
  "6": {
    "magnitude_trait_mean": 10.378335253816664,
    "magnitude_trait_std": 0.5058165678065285,
    "magnitude_neutral_mean": 9.911337870954357,
    "magnitude_neutral_std": 0.44220767489589485,
    "magnitude_ratio": 1.0471174920018482,
    "magnitude_mwu_pvalue": 4.8808553168615446e-06,
    "var_explained_pc1": 0.25041902881805767,
    "var_explained_top3": 0.4924843835149747,
    "var_explained_top5": 0.5998526218694303,
    "var_explained_top10": 0.7448501130682893,
    "cross_seed_pc1_cosine": {
      "values": [
        0.8952484975402875,
        0.9133763528482297,
        0.9461477630988143
      ],
      "mean": 0.9182575378291106
    }
  },
  "7": {
    "magnitude_trait_mean": 11.669051231302252,
    "magnitude_trait_std": 0.4825588007112688,
    "magnitude_neutral_mean": 11.412716405046435,
    "magnitude_neutral_std": 0.41907970554858676,
    "magnitude_ratio": 1.022460457016392,
    "magnitude_mwu_pvalue": 0.0020891179348329065,
    "var_explained_pc1": 0.2287620138175102,
    "var_explained_top3": 0.47718238345666003,
    "var_explained_top5": 0.5747645212800458,
    "var_explained_top10": 0.72193534976237,
    "cross_seed_pc1_cosine": {
      "values": [
        0.8966020137592372,
        0.9077983944855585,
        0.936105430805471
      ],
      "mean": 0.913501946350089
    }
  },
  "8": {
    "magnitude_trait_mean": 11.888157285325489,
    "magnitude_trait_std": 0.363999375786741,
    "magnitude_neutral_mean": 11.919414144801854,
    "magnitude_neutral_std": 0.431293565913864,
    "magnitude_ratio": 0.9973776513596521,
    "magnitude_mwu_pvalue": 0.7152337483714205,
    "var_explained_pc1": 0.20629370307348374,
    "var_explained_top3": 0.45985169455272745,
    "var_explained_top5": 0.5468330719607305,
    "var_explained_top10": 0.6922536877247459,
    "cross_seed_pc1_cosine": {
      "values": [
        0.8321095745884096,
        0.833778813784307,
        0.9384692847833404
      ],
      "mean": 0.8681192243853523
    }
  },
  "9": {
    "magnitude_trait_mean": 16.15786678534031,
    "magnitude_trait_std": 0.39073894048077806,
    "magnitude_neutral_mean": 16.404087748926067,
    "magnitude_neutral_std": 0.7366150646018528,
    "magnitude_ratio": 0.9849902678311462,
    "magnitude_mwu_pvalue": 0.9725665554722837,
    "var_explained_pc1": 0.18681773762996914,
    "var_explained_top3": 0.4565835863041861,
    "var_explained_top5": 0.5406730692590032,
    "var_explained_top10": 0.6832690646561085,
    "cross_seed_pc1_cosine": {
      "values": [
        0.2361511945809393,
        0.10720335103134676,
        0.8475567416907775
      ],
      "mean": 0.3969704291010212
    }
  },
  "10": {
    "magnitude_trait_mean": 17.806614418028254,
    "magnitude_trait_std": 0.630106627751352,
    "magnitude_neutral_mean": 18.154474485418806,
    "magnitude_neutral_std": 0.954906314089958,
    "magnitude_ratio": 0.980838879821614,
    "magnitude_mwu_pvalue": 0.9880186266755796,
    "var_explained_pc1": 0.22257585525790716,
    "var_explained_top3": 0.46545130315116523,
    "var_explained_top5": 0.552405484735211,
    "var_explained_top10": 0.6970254473332514,
    "cross_seed_pc1_cosine": {
      "values": [
        0.9293043600776989,
        0.9216186054728845,
        0.9415778051353454
      ],
      "mean": 0.930833590228643
    }
  },
  "11": {
    "magnitude_trait_mean": 18.513417352951457,
    "magnitude_trait_std": 0.6624390033619505,
    "magnitude_neutral_mean": 18.44721042598793,
    "magnitude_neutral_std": 1.0044896244088388,
    "magnitude_ratio": 1.0035889939689882,
    "magnitude_mwu_pvalue": 0.4793824147983688,
    "var_explained_pc1": 0.19977032524300267,
    "var_explained_top3": 0.4420940755095028,
    "var_explained_top5": 0.537327394634944,
    "var_explained_top10": 0.6882298695768059,
    "cross_seed_pc1_cosine": {
      "values": [
        0.9194026080143805,
        0.9041287898123576,
        0.9200878436397394
      ],
      "mean": 0.9145397471554925
    }
  },
  "12": {
    "magnitude_trait_mean": 19.09018905750843,
    "magnitude_trait_std": 0.7142818105934754,
    "magnitude_neutral_mean": 19.15871466473008,